gene,F2.127,Elite_2020,PI127826_2020,log2ratio_P127,log2ratio_PI127826,zscore_P127,zscore_PI127826,pval_P127,pval_PI127826,locus,description,name,pathway
Solyc03g032010.2.1,4736.23209144088,781.81884138247,5930.93715702653,2.59883352137476,2.9233538270975,1.40951132362893,1.91661193014917,0.0793420137606355,0.0276436256219774,Solyc03g032010,Hydroxy-methylglutaryl-coenzyme A reductase (O48624_TOBAC),HMGR,MVA
Solyc06g066310.2.1,841.735812903319,160.647707133384,1786.17142262551,2.38946711035892,3.47489825057447,1.30472708266163,2.28992677706231,0.0959928980325406,0.0110127808443555,Solyc06g066310,Phosphomevalonate kinase (Q944G1_HEVBR),pMVK,MVA
Solyc08g005680.2.1,3881.7723650867,33965.2092268543,120598.372298841,-3.12927031814923,1.82808078911749,-1.45730484852694,1.17527239502347,0.0725161245266835,0.119942877432135,Solyc08g005680,Z,Z-farnesyl pyrophosphate synthase (manually curated),NDPS/zFPS,MEP
Solyc08g080160.2.1,0.978762573143394,8.56787771378049,13.2505298414355,-3.12990704873466,0.629040254775845,-1.45762352109132,0.36369745297514,0.072472171359791,0.358041972762977,Solyc08g080160,Hydroxymethylglutaryl-CoA synthase (A9ZMZ7_HEVBR),HMGS,MVA
