"target_id"	"baseMean"	"log2FoldChange"	"lfcSE"	"stat"	"pvalue"	"padj"
"Solyc02g092860"	7018.28154101674	-7.94068850508805	1.28669222151773	-6.1713969916765	6.76892247864805e-10	1.41362177044086e-05
"Solyc04g007790"	11417.5493010998	-5.02934627749485	0.946129406221462	-5.31570654545074	1.06244256885373e-07	0.000739601686931377
"Solyc04g054740"	301.544960661117	-2.50745203676986	0.56652526407751	-4.42601980134605	9.59877168062031e-06	0.0400921495556149
"Solyc05g053610"	99.3127383710258	-3.37635084565938	0.718968538206129	-4.69610374618559	2.65170896410687e-06	0.013844572501602
"Solyc12g049400"	1004.51109591502	2.29524503201169	0.398651493787723	5.75752271791029	8.53572848543579e-09	8.91300768449205e-05
