gene,F2-28_concat,Elite_2020,PI127826_2020,log2ratio_P28,log2ratio_PI127826,zscore_P28,zscore_PI127826,pval_P28,pval_PI127826,locus,description,name,pathway
Solyc02g038740.2.1,1482.632627,333.2019981,4429.160114,2.153692208,3.732564195,1.383944021,2.296875243,0.083187798,0.010812944,Solyc02g038740,3-hydroxy-3-methylglutaryl coenzyme A reductase (Q9FS01_SOLTU),HMGR,MVA
Solyc03g032010.2.1,1638.937986,500.4885979,3960.231856,1.71135216,2.98417579,1.086922176,1.814914979,0.138535602,0.034768488,Solyc03g032010,Hydroxy-methylglutaryl-coenzyme A reductase (O48624_TOBAC),HMGR,MVA
Solyc06g066310.2.1,1178.682628,102.8401229,1192.670362,3.518700167,3.535720213,2.300517559,2.17010821,0.010709458,0.014999325,Solyc06g066310,Phosphomevalonate kinase (Q944G1_HEVBR),pMVK,MVA