gene,F2.73,Elite_2020,PI127826_2020,log2ratio_P73,log2ratio_PI127826,zscore_P73,zscore_PI127826,pval_P73,pval_PI127826,locus,description,name,pathway
Solyc02g038740.2.1,24142.2669789402,520.498571112165,6633.21523862261,5.53552313949049,3.67174223197103,2.98354162105326,2.44125401831791,0.00142466639857644,0.00731817779226833,Solyc02g038740,3-hydroxy-3-methylglutaryl coenzyme A reductase (Q9FS01_SOLTU),HMGR,MVA
Solyc03g032010.2.1,11790.2265793427,781.81884138247,5930.93715702653,3.91461328026865,2.9233538270975,2.15375918223413,1.93297798065748,0.0156295311269942,0.0266194551994104,Solyc03g032010,Hydroxy-methylglutaryl-coenzyme A reductase (O48624_TOBAC),HMGR,MVA
Solyc03g032020.2.1,9041.44543078692,908.195037660732,3715.44856753851,3.3154793716586,2.0324623393359,1.84704823650371,1.32791944095257,0.0323700748120363,0.0921023607656915,Solyc03g032020,Hydroxy-methylglutaryl-coenzyme A reductase (O48624_TOBAC),HMGR,MVA
Solyc06g066310.2.1,1222.36008481551,160.647707133384,1786.17142262551,2.92769704420593,3.47489825057447,1.64853320892586,2.30756531035556,0.0496216509217785,0.0105116628978694,Solyc06g066310,Phosphomevalonate kinase (Q944G1_HEVBR),pMVK,MVA
Solyc07g045350.2.1,15453.8118800085,1229.4904519275,5467.16861257629,3.65183030488021,2.15273333909928,2.01923430600032,1.40960278453072,0.0217314361200953,0.0793285021751583,Solyc07g045350,Acetyl-CoA C-acetyltransferase protein (D3YN47_9ERIC),AACT,MVA
